indicator_type,value,first_seen_utc,last_seen_utc,confidence,provenance,evidence_id,notes
sha256,ea8c31a86fa785ab514022c278a2f6e571c86aac9283745a96605c44d88382d6,unspecified,2026-09-19T18:07:48Z,High,PRIMARY-SOURCE,RAP-IND-0001,vsdbg.dll NativeAOT loader | NOT OBSERVED by ETW — primary-source only. Seed corpus alias RAP-EV-0001 in executive pass; ETW uses RAP-IND-* to avoid collision with Phase1 publication RAP-EV-*.
sha256,aefbc6e04320e9a0e80f2323f8a897c4fdb222a37b0b87d76e850109decbfadd,unspecified,2026-09-19T18:07:48Z,High,PRIMARY-SOURCE,RAP-IND-0002,Rapuncel stealer | NOT OBSERVED by ETW — primary-source only.
sha256,611b3ba687b7f46319a19609605ddfe5225e6d85277d8e923eea3fdb6f7b5b61,unspecified,2026-09-19T18:07:48Z,High,PRIMARY-SOURCE,RAP-IND-0003,Alinubx.sys | NOT OBSERVED by ETW — primary-source only.
sha256,75018b06c7105a1dca391805d17b402aed35ebd515b92d461236eafbd606cb40,unspecified,2026-09-19T18:07:48Z,High,PRIMARY-SOURCE,RAP-IND-0004,browser injection DLL | NOT OBSERVED by ETW — primary-source only.
sha256,26db14b956e33f69b3397a36387d32e01eb63613acff91069dc76b6ed7de45a8,unspecified,2026-09-19T18:07:48Z,High,PRIMARY-SOURCE,RAP-IND-0005,ProtectR3.dll x64 unpacked | NOT OBSERVED by ETW — primary-source only.
sha256,5f0cfe8357bb52b45068ddbac053e32bc38e6cb5e086746f5402657b0a5cfb1c,unspecified,2026-09-19T18:07:48Z,High,PRIMARY-SOURCE,RAP-IND-0006,CcProtect reference sample | NOT OBSERVED by ETW — primary-source only.
sha256,1e6c1766ac78d7adfdae71d361cb132d972771897ae9065503b135cb812d7c35,unspecified,2026-09-19T18:07:48Z,High,PRIMARY-SOURCE,RAP-IND-0023,istatlmenus.com/mandua.wonted JS body hash (2026-09-10) | NOT OBSERVED by ETW — primary-source only.
sha256,87e8d39db624f37d3e77aedf487a2dfd197f71a4730ea74f4e7a4341deaec2ff,unspecified,2026-09-19T19:10:00Z,High,PRIMARY-SOURCE,RAP-IND-0034,DCRCVDrv.sys Cruciferra BYOVD — lineage comparison only; NOT a Rapuncel campaign hash unless independently linked.
sha256,0ae0a7f118b80e4655b8b86bb421c151a8f17930e76e714b2fa199409f3af9ce,unspecified,2026-09-19T19:10:00Z,High,PRIMARY-SOURCE,RAP-IND-0035,Cruciferra mscoree.dll from eSentire IOC list — track:cruciferra only; not Rapuncel delivery artifact.
