value,type,algo,source,confidence,campaign_association,status,notes,case_id,provenance_url
00ba0d5aea129f098b5a609633ac77cd642fddba8b64f6332e49e6d33294992e,hash,SHA-256,Zimperium IOC repo,Moderate,rathat,UNVERIFIED,Listed in apks.csv — not downloaded or executed by ETW,rathat,https://github.com/Zimperium/IOC/tree/master/2026-09-RatHat
013e24180954380a2cba9d2adb88ad13dbec1181a4a88406427709219b7b5582,hash,SHA-256,Zimperium IOC repo,Moderate,rathat,UNVERIFIED,Listed in apks.csv — not downloaded or executed by ETW,rathat,https://github.com/Zimperium/IOC/tree/master/2026-09-RatHat
018fca3266c87c10d4f46930878ffbe5155ae4a457c875d1e22682a80d7118a5,hash,SHA-256,Zimperium IOC repo,Moderate,rathat,UNVERIFIED,Listed in apks.csv — not downloaded or executed by ETW,rathat,https://github.com/Zimperium/IOC/tree/master/2026-09-RatHat
02dcc3832903e36db797539279400f40831ddc858e7d0d4242a69fd5910d8c4c,hash,SHA-256,Zimperium IOC repo,Moderate,rathat,UNVERIFIED,Listed in apks.csv — not downloaded or executed by ETW,rathat,https://github.com/Zimperium/IOC/tree/master/2026-09-RatHat
0409b0fd4172b73997eed91b27a9c75ad0052f344f0a5ee89e87d07b45597b1a,hash,SHA-256,Zimperium IOC repo,Moderate,rathat,UNVERIFIED,Listed in apks.csv — not downloaded or executed by ETW,rathat,https://github.com/Zimperium/IOC/tree/master/2026-09-RatHat
04d0c15b8c150bca92a536c729363ea34dd60d45bbd5f939f0a7780bc4f46494,hash,SHA-256,Zimperium IOC repo,Moderate,rathat,UNVERIFIED,Listed in apks.csv — not downloaded or executed by ETW,rathat,https://github.com/Zimperium/IOC/tree/master/2026-09-RatHat
09e58dd165016440eda1c3f5c7956ddcbf7cf79487d960f68bde1735618923c0,hash,SHA-256,Zimperium IOC repo,Moderate,rathat,UNVERIFIED,Listed in apks.csv — not downloaded or executed by ETW,rathat,https://github.com/Zimperium/IOC/tree/master/2026-09-RatHat
0c66ac9b9428072142b68120ff9268282c5c9ca4127b1a856304b65def7f7a19,hash,SHA-256,Zimperium IOC repo,Moderate,rathat,UNVERIFIED,Listed in apks.csv — not downloaded or executed by ETW,rathat,https://github.com/Zimperium/IOC/tree/master/2026-09-RatHat
10346b748aa510aa5ff29476f48080d40916f6dd738ed154dd1c22a07505ac84,hash,SHA-256,Zimperium IOC repo,Moderate,rathat,UNVERIFIED,Listed in apks.csv — not downloaded or executed by ETW,rathat,https://github.com/Zimperium/IOC/tree/master/2026-09-RatHat
108281565c0cbbdeb0e82104e7f83eea524aa55b621f67840fd57784475b3f84,hash,SHA-256,Zimperium IOC repo,Moderate,rathat,UNVERIFIED,Listed in apks.csv — not downloaded or executed by ETW,rathat,https://github.com/Zimperium/IOC/tree/master/2026-09-RatHat
1092e4cec5b1f9dcede47091c3cb96e12d19ee713a16e1d3d255207a9bc85642,hash,SHA-256,Zimperium IOC repo,Moderate,rathat,UNVERIFIED,Listed in apks.csv — not downloaded or executed by ETW,rathat,https://github.com/Zimperium/IOC/tree/master/2026-09-RatHat
11acf2b658733c361e30f2e7d0a9916977f0c49d49190bf43bd8c4fb570b6f9f,hash,SHA-256,Zimperium IOC repo,Moderate,rathat,UNVERIFIED,Listed in apks.csv — not downloaded or executed by ETW,rathat,https://github.com/Zimperium/IOC/tree/master/2026-09-RatHat
15bd26e296946d2c1c6a70cb793fdc5e6bf80e8e8d7b2d0852e2dad3a9b1fa83,hash,SHA-256,Zimperium IOC repo,Moderate,rathat,UNVERIFIED,Listed in apks.csv — not downloaded or executed by ETW,rathat,https://github.com/Zimperium/IOC/tree/master/2026-09-RatHat
16df162649dc6455676eeecdb9b8fbdadc80dda60d30df9d04904a0e111710b8,hash,SHA-256,Zimperium IOC repo,Moderate,rathat,UNVERIFIED,Listed in apks.csv — not downloaded or executed by ETW,rathat,https://github.com/Zimperium/IOC/tree/master/2026-09-RatHat
1892869ebcd1892d1acf07a0697db5fc3f5d21cea5274bc5be400008020acfd9,hash,SHA-256,Zimperium IOC repo,Moderate,rathat,UNVERIFIED,Listed in apks.csv — not downloaded or executed by ETW,rathat,https://github.com/Zimperium/IOC/tree/master/2026-09-RatHat
18d13c8ba196067cb4dad6b787249d74bb6f2b257a7f5220f3aaefa04c058bd0,hash,SHA-256,Zimperium IOC repo,Moderate,rathat,UNVERIFIED,Listed in apks.csv — not downloaded or executed by ETW,rathat,https://github.com/Zimperium/IOC/tree/master/2026-09-RatHat
19a8be27d7cf653467b390f51133ef0228415aef9fc1c557a6d664808151dd3f,hash,SHA-256,Zimperium IOC repo,Moderate,rathat,UNVERIFIED,Listed in apks.csv — not downloaded or executed by ETW,rathat,https://github.com/Zimperium/IOC/tree/master/2026-09-RatHat
19e50b4dd91fd64515b78c8162896d0fad3b1e480e915ebb12e90624c88dafdf,hash,SHA-256,Zimperium IOC repo,Moderate,rathat,UNVERIFIED,Listed in apks.csv — not downloaded or executed by ETW,rathat,https://github.com/Zimperium/IOC/tree/master/2026-09-RatHat
1ba97dc320ce6d6b15f9e6a44c91ff9a4ef8809dc618338d82b49b304251ce87,hash,SHA-256,Zimperium IOC repo,Moderate,rathat,UNVERIFIED,Listed in apks.csv — not downloaded or executed by ETW,rathat,https://github.com/Zimperium/IOC/tree/master/2026-09-RatHat
1c5279429d5e0cd9c335e0e07c788b04bce9f600580a243468d85e82f79e24e8,hash,SHA-256,Zimperium IOC repo,Moderate,rathat,UNVERIFIED,Listed in apks.csv — not downloaded or executed by ETW,rathat,https://github.com/Zimperium/IOC/tree/master/2026-09-RatHat
1f4bf941c0355d322a0ebb43c1bd844aa89f07340c284c7dbc261e9326a5f06c,hash,SHA-256,Zimperium IOC repo,Moderate,rathat,UNVERIFIED,Listed in apks.csv — not downloaded or executed by ETW,rathat,https://github.com/Zimperium/IOC/tree/master/2026-09-RatHat
1f91d4ee45f0f2b80475c842c28c824d8ddc705536a9b1d306ae7f067272d974,hash,SHA-256,Zimperium IOC repo,Moderate,rathat,UNVERIFIED,Listed in apks.csv — not downloaded or executed by ETW,rathat,https://github.com/Zimperium/IOC/tree/master/2026-09-RatHat
2112eba27e8acd42d02ae9f19b84315c5ccfe7cc93ae9e40cea30e344a5ce59c,hash,SHA-256,Zimperium IOC repo,Moderate,rathat,UNVERIFIED,Listed in apks.csv — not downloaded or executed by ETW,rathat,https://github.com/Zimperium/IOC/tree/master/2026-09-RatHat
230c7afb6385bed54e44d92d1fa03919ed83ccb1400347b0519e17642c1c6ed2,hash,SHA-256,Zimperium IOC repo,Moderate,rathat,UNVERIFIED,Listed in apks.csv — not downloaded or executed by ETW,rathat,https://github.com/Zimperium/IOC/tree/master/2026-09-RatHat
238e6d6462f71b4df987080546dc5557319d8801b41bee020e6a712ea0528855,hash,SHA-256,Zimperium IOC repo,Moderate,rathat,UNVERIFIED,Listed in apks.csv — not downloaded or executed by ETW,rathat,https://github.com/Zimperium/IOC/tree/master/2026-09-RatHat
245e50e69ef6a13f4f31047538fcdbe792e4abe2a9ca94cab747ae7aa1b38453,hash,SHA-256,Zimperium IOC repo,Moderate,rathat,UNVERIFIED,Listed in apks.csv — not downloaded or executed by ETW,rathat,https://github.com/Zimperium/IOC/tree/master/2026-09-RatHat
25330ed8add76d3366e1ff5c22ae4b8d675ae5dfc0c5c361f18fa1fec3e78543,hash,SHA-256,Zimperium IOC repo,Moderate,rathat,UNVERIFIED,Listed in apks.csv — not downloaded or executed by ETW,rathat,https://github.com/Zimperium/IOC/tree/master/2026-09-RatHat
2596bead453fb0ae105e61826d7a8bbca8f4de0e4e61c66fea7a961bbf101e63,hash,SHA-256,Zimperium IOC repo,Moderate,rathat,UNVERIFIED,Listed in apks.csv — not downloaded or executed by ETW,rathat,https://github.com/Zimperium/IOC/tree/master/2026-09-RatHat
2994f04711d028d7f9b2447d52f3d38525f27216f1ea6eb993df2c10944b55c0,hash,SHA-256,Zimperium IOC repo,Moderate,rathat,UNVERIFIED,Listed in apks.csv — not downloaded or executed by ETW,rathat,https://github.com/Zimperium/IOC/tree/master/2026-09-RatHat
2d4f6893469aff15841a574bab9a31476284c13f3e81b8fd6f6c4c84de15605e,hash,SHA-256,Zimperium IOC repo,Moderate,rathat,UNVERIFIED,Listed in apks.csv — not downloaded or executed by ETW,rathat,https://github.com/Zimperium/IOC/tree/master/2026-09-RatHat
2e8e0e13ccbac9cf980c7c4c629a2abb9f89fd29c2226020e4fa23e4883d949f,hash,SHA-256,Zimperium IOC repo,Moderate,rathat,UNVERIFIED,Listed in apks.csv — not downloaded or executed by ETW,rathat,https://github.com/Zimperium/IOC/tree/master/2026-09-RatHat
307f895c495906e0e96344f3e85d133310e1e2882661143c54feab30f91473d8,hash,SHA-256,Zimperium IOC repo,Moderate,rathat,UNVERIFIED,Listed in apks.csv — not downloaded or executed by ETW,rathat,https://github.com/Zimperium/IOC/tree/master/2026-09-RatHat
30b069e71f2bf6f999e0d3f913ce4a3a7e2849f0bec590fb3ea261bcbb81fc61,hash,SHA-256,Zimperium IOC repo,Moderate,rathat,UNVERIFIED,Listed in apks.csv — not downloaded or executed by ETW,rathat,https://github.com/Zimperium/IOC/tree/master/2026-09-RatHat
35b19577c09d231a2bbfc82263a9a01958af53febc6fcc4eaf8462a1ad4eef82,hash,SHA-256,Zimperium IOC repo,Moderate,rathat,UNVERIFIED,Listed in apks.csv — not downloaded or executed by ETW,rathat,https://github.com/Zimperium/IOC/tree/master/2026-09-RatHat
3783180b0591c2f5a7ae9394a58d986e1c9dca44d86c768a312acb93eddf9f18,hash,SHA-256,Zimperium IOC repo,Moderate,rathat,UNVERIFIED,Listed in apks.csv — not downloaded or executed by ETW,rathat,https://github.com/Zimperium/IOC/tree/master/2026-09-RatHat
3b6f3ed9a7eda201c9c543b7d0080d9cda1d6f55cfa2af524f55886db4abdbd6,hash,SHA-256,Zimperium IOC repo,Moderate,rathat,UNVERIFIED,Listed in apks.csv — not downloaded or executed by ETW,rathat,https://github.com/Zimperium/IOC/tree/master/2026-09-RatHat
3d28ae537c05bdcba6a1294b77ef8e47e3ce4a5952f3ec8813b468d9f6ce81c2,hash,SHA-256,Zimperium IOC repo,Moderate,rathat,UNVERIFIED,Listed in apks.csv — not downloaded or executed by ETW,rathat,https://github.com/Zimperium/IOC/tree/master/2026-09-RatHat
3e4e895ff31a212764070f99e33cbdd3c11fc31a74e31f0b5bd0f2ec4027fbc4,hash,SHA-256,Zimperium IOC repo,Moderate,rathat,UNVERIFIED,Listed in apks.csv — not downloaded or executed by ETW,rathat,https://github.com/Zimperium/IOC/tree/master/2026-09-RatHat
42632e4555e49df3fa3a381a337fed3d342622d3d604ca0ce66f5111cb802dd7,hash,SHA-256,Zimperium IOC repo,Moderate,rathat,UNVERIFIED,Listed in apks.csv — not downloaded or executed by ETW,rathat,https://github.com/Zimperium/IOC/tree/master/2026-09-RatHat
495605a24e738222a1b003cb97abc5eaf93ac568e0c04e57238e286377ff30a1,hash,SHA-256,Zimperium IOC repo,Moderate,rathat,UNVERIFIED,Listed in apks.csv — not downloaded or executed by ETW,rathat,https://github.com/Zimperium/IOC/tree/master/2026-09-RatHat
4a2283038233cea1e5f26b6d67eb253b3ec15b5de74b15e5bcba0053f4493b02,hash,SHA-256,Zimperium IOC repo,Moderate,rathat,UNVERIFIED,Listed in apks.csv — not downloaded or executed by ETW,rathat,https://github.com/Zimperium/IOC/tree/master/2026-09-RatHat
4a8fbeba779ade6067619576b47139b082fd58ca09e98ce24219e4ef2b45d0f2,hash,SHA-256,Zimperium IOC repo,Moderate,rathat,UNVERIFIED,Listed in apks.csv — not downloaded or executed by ETW,rathat,https://github.com/Zimperium/IOC/tree/master/2026-09-RatHat
4bc99d2d0a8aa7264e77fcd747fcebacdc815225b22db5edacfdc5b340f417ab,hash,SHA-256,Zimperium IOC repo,Moderate,rathat,UNVERIFIED,Listed in apks.csv — not downloaded or executed by ETW,rathat,https://github.com/Zimperium/IOC/tree/master/2026-09-RatHat
4c551ff7771c6c8154b5b7c777602c5eb56d36a1235609e14d448e4702a6e862,hash,SHA-256,Zimperium IOC repo,Moderate,rathat,UNVERIFIED,Listed in apks.csv — not downloaded or executed by ETW,rathat,https://github.com/Zimperium/IOC/tree/master/2026-09-RatHat
4d85e92885b2372fc21a2739e40ef98d63cfc8a2f28e8c42c0a86f45eb1b4e31,hash,SHA-256,Zimperium IOC repo,Moderate,rathat,UNVERIFIED,Listed in apks.csv — not downloaded or executed by ETW,rathat,https://github.com/Zimperium/IOC/tree/master/2026-09-RatHat
4f9668456f8a4ed9b969857dbb1a1ef059a3343d70f63a448b96c9192d0b9d9a,hash,SHA-256,Zimperium IOC repo,Moderate,rathat,UNVERIFIED,Listed in apks.csv — not downloaded or executed by ETW,rathat,https://github.com/Zimperium/IOC/tree/master/2026-09-RatHat
501688e015fd6da9254f97c9ea5776ecb30d45a92c7de38b8e70e6d888f721ad,hash,SHA-256,Zimperium IOC repo,Moderate,rathat,UNVERIFIED,Listed in apks.csv — not downloaded or executed by ETW,rathat,https://github.com/Zimperium/IOC/tree/master/2026-09-RatHat
50f9cb27bf8244a0447fb560e195d3e6e0fb25801e108e231657b6eefeef0166,hash,SHA-256,Zimperium IOC repo,Moderate,rathat,UNVERIFIED,Listed in apks.csv — not downloaded or executed by ETW,rathat,https://github.com/Zimperium/IOC/tree/master/2026-09-RatHat
5160a3dbe085bbfdba567837d812fd8f475d171da899693728b2363f0c75c16f,hash,SHA-256,Zimperium IOC repo,Moderate,rathat,UNVERIFIED,Listed in apks.csv — not downloaded or executed by ETW,rathat,https://github.com/Zimperium/IOC/tree/master/2026-09-RatHat
5541dd78aa2ef3fec4a710a30b72f9a56d420d1612c452b302e8a218500e6b5d,hash,SHA-256,Zimperium IOC repo,Moderate,rathat,UNVERIFIED,Listed in apks.csv — not downloaded or executed by ETW,rathat,https://github.com/Zimperium/IOC/tree/master/2026-09-RatHat
5695af3bf57bb77a4114acdbbe8f53b0ec54ee276a0977f4a275fb51a6b5a045,hash,SHA-256,Zimperium IOC repo,Moderate,rathat,UNVERIFIED,Listed in apks.csv — not downloaded or executed by ETW,rathat,https://github.com/Zimperium/IOC/tree/master/2026-09-RatHat
5a9b808672ea69102e74d1e2faa95b3df70080cfd00a0fc296f79d16d8b8d34c,hash,SHA-256,Zimperium IOC repo,Moderate,rathat,UNVERIFIED,Listed in apks.csv — not downloaded or executed by ETW,rathat,https://github.com/Zimperium/IOC/tree/master/2026-09-RatHat
5aac28dfd0c06cfad340ff5190806bbca3968d34f1a78adf757041b3e6078335,hash,SHA-256,Zimperium IOC repo,Moderate,rathat,UNVERIFIED,Listed in apks.csv — not downloaded or executed by ETW,rathat,https://github.com/Zimperium/IOC/tree/master/2026-09-RatHat
5b8b38c8b5f82394ca18adc60b8132ffcbe0533a7422a1e143ddc5ebac423e81,hash,SHA-256,Zimperium IOC repo,Moderate,rathat,UNVERIFIED,Listed in apks.csv — not downloaded or executed by ETW,rathat,https://github.com/Zimperium/IOC/tree/master/2026-09-RatHat
5bcd3f615c8ef25660838d01825ae10ef7a955c32e7a69efbacaa508b8a82425,hash,SHA-256,Zimperium IOC repo,Moderate,rathat,UNVERIFIED,Listed in apks.csv — not downloaded or executed by ETW,rathat,https://github.com/Zimperium/IOC/tree/master/2026-09-RatHat
5e3c76d9d2231338f2ed6e866deb60ca5ea26f9c678388631841361a2631a934,hash,SHA-256,Zimperium IOC repo,Moderate,rathat,UNVERIFIED,Listed in apks.csv — not downloaded or executed by ETW,rathat,https://github.com/Zimperium/IOC/tree/master/2026-09-RatHat
5e55a5309cf50c87a7c84accc10888ff214dd7c559f02d77cb2918fe48bd456d,hash,SHA-256,Zimperium IOC repo,Moderate,rathat,UNVERIFIED,Listed in apks.csv — not downloaded or executed by ETW,rathat,https://github.com/Zimperium/IOC/tree/master/2026-09-RatHat
5e7d3f113969a72f622496db65749fcd7496684a89e5f05025be1d15202a3ca4,hash,SHA-256,Zimperium IOC repo,Moderate,rathat,UNVERIFIED,Listed in apks.csv — not downloaded or executed by ETW,rathat,https://github.com/Zimperium/IOC/tree/master/2026-09-RatHat
5fa3ba9276d695fcbce4247f7182114bd85013155c5334bb7a67b4e4d7acce65,hash,SHA-256,Zimperium IOC repo,Moderate,rathat,UNVERIFIED,Listed in apks.csv — not downloaded or executed by ETW,rathat,https://github.com/Zimperium/IOC/tree/master/2026-09-RatHat
60d6d829c6d41d68a058d5032e40006d48d87fae15fefa74e1681cf5ef362148,hash,SHA-256,Zimperium IOC repo,Moderate,rathat,UNVERIFIED,Listed in apks.csv — not downloaded or executed by ETW,rathat,https://github.com/Zimperium/IOC/tree/master/2026-09-RatHat
63f8d232ab5640d9efa9ccdcd5b02b8ec74e95a7efb6e03cbbe9f57572a7764f,hash,SHA-256,Zimperium IOC repo,Moderate,rathat,UNVERIFIED,Listed in apks.csv — not downloaded or executed by ETW,rathat,https://github.com/Zimperium/IOC/tree/master/2026-09-RatHat
65ae22b03d50708f79b2b0d204b7a6315c99042df6085e3d3ba7894e81c8ec1e,hash,SHA-256,Zimperium IOC repo,Moderate,rathat,UNVERIFIED,Listed in apks.csv — not downloaded or executed by ETW,rathat,https://github.com/Zimperium/IOC/tree/master/2026-09-RatHat
67fa5b26c06047635c73d5cf8dac2b74795bc8a2b40cdf4d6208adb8381e78ab,hash,SHA-256,Zimperium IOC repo,Moderate,rathat,UNVERIFIED,Listed in apks.csv — not downloaded or executed by ETW,rathat,https://github.com/Zimperium/IOC/tree/master/2026-09-RatHat
6cb99b7bc7bc47426336e17b28a6c01c5cacb3fbb0ffaefef674d3e0e4eccdbc,hash,SHA-256,Zimperium IOC repo,Moderate,rathat,UNVERIFIED,Listed in apks.csv — not downloaded or executed by ETW,rathat,https://github.com/Zimperium/IOC/tree/master/2026-09-RatHat
6d84ac74b70c4df80014445dd8ec0683e4241f57a496d0d17beb534f62325107,hash,SHA-256,Zimperium IOC repo,Moderate,rathat,UNVERIFIED,Listed in apks.csv — not downloaded or executed by ETW,rathat,https://github.com/Zimperium/IOC/tree/master/2026-09-RatHat
6e88d2045232c969a8ad75cab4610ae75a318afed578c19acd4f9b5f2ac15bbc,hash,SHA-256,Zimperium IOC repo,Moderate,rathat,UNVERIFIED,Listed in apks.csv — not downloaded or executed by ETW,rathat,https://github.com/Zimperium/IOC/tree/master/2026-09-RatHat
70624f1e6faae0b11de67799df1dc3d7876b0ed707f88878af66cf15b0b580a9,hash,SHA-256,Zimperium IOC repo,Moderate,rathat,UNVERIFIED,Listed in apks.csv — not downloaded or executed by ETW,rathat,https://github.com/Zimperium/IOC/tree/master/2026-09-RatHat
7261b1f4f4b904405136fb4a1a0267ade1952e397b57a49b05efa6a92d32cd30,hash,SHA-256,Zimperium IOC repo,Moderate,rathat,UNVERIFIED,Listed in apks.csv — not downloaded or executed by ETW,rathat,https://github.com/Zimperium/IOC/tree/master/2026-09-RatHat
7363e1e8688c0536e13e117246c27aeb98ed5e048abb904a748f20c924a2a24e,hash,SHA-256,Zimperium IOC repo,Moderate,rathat,UNVERIFIED,Listed in apks.csv — not downloaded or executed by ETW,rathat,https://github.com/Zimperium/IOC/tree/master/2026-09-RatHat
74c45a4b606f7bbafb2e7a273e51d3202319c1c69c08abd40da45b07a2aa982a,hash,SHA-256,Zimperium IOC repo,Moderate,rathat,UNVERIFIED,Listed in apks.csv — not downloaded or executed by ETW,rathat,https://github.com/Zimperium/IOC/tree/master/2026-09-RatHat
77ef965f4100ad81423dacddf64d8510d492b87615c71f3609ecad4dc7ded227,hash,SHA-256,Zimperium IOC repo,Moderate,rathat,UNVERIFIED,Listed in apks.csv — not downloaded or executed by ETW,rathat,https://github.com/Zimperium/IOC/tree/master/2026-09-RatHat
78fd9188c34c3fd89eb80982d6573eadd41c3d52096069c9753e35f0301e23aa,hash,SHA-256,Zimperium IOC repo,Moderate,rathat,UNVERIFIED,Listed in apks.csv — not downloaded or executed by ETW,rathat,https://github.com/Zimperium/IOC/tree/master/2026-09-RatHat
7ebd118439eec10394b82247e6928f8918a9c30463568d7c53c9693837fa1a05,hash,SHA-256,Zimperium IOC repo,Moderate,rathat,UNVERIFIED,Listed in apks.csv — not downloaded or executed by ETW,rathat,https://github.com/Zimperium/IOC/tree/master/2026-09-RatHat
7ffe175cfbb11af3ffc29639de261666a88ca2b5ee94e2867a912c5e948c7cc9,hash,SHA-256,Zimperium IOC repo,Moderate,rathat,UNVERIFIED,Listed in apks.csv — not downloaded or executed by ETW,rathat,https://github.com/Zimperium/IOC/tree/master/2026-09-RatHat
826b14c79f52986784391857b6c0496f23f9895059ebb3598696908fa23c3b47,hash,SHA-256,Zimperium IOC repo,Moderate,rathat,UNVERIFIED,Listed in apks.csv — not downloaded or executed by ETW,rathat,https://github.com/Zimperium/IOC/tree/master/2026-09-RatHat
831ee14323f36d7d58fb637e238713f81c5fbcaf16dc8c973ba592b308555609,hash,SHA-256,Zimperium IOC repo,Moderate,rathat,UNVERIFIED,Listed in apks.csv — not downloaded or executed by ETW,rathat,https://github.com/Zimperium/IOC/tree/master/2026-09-RatHat
84c270cdd3f96647468b8721753d2ea5a27d45266858871cfd7b1fa74e8c92a5,hash,SHA-256,Zimperium IOC repo,Moderate,rathat,UNVERIFIED,Listed in apks.csv — not downloaded or executed by ETW,rathat,https://github.com/Zimperium/IOC/tree/master/2026-09-RatHat
85e1599ce2acc197a8993cde5b74abb5e9abefe8fb629e9519b4e01376623464,hash,SHA-256,Zimperium IOC repo,Moderate,rathat,UNVERIFIED,Listed in apks.csv — not downloaded or executed by ETW,rathat,https://github.com/Zimperium/IOC/tree/master/2026-09-RatHat
868b7fc6e8b2e3596993c4a58210c34f86a06687da1741e687d0d9ec93730e49,hash,SHA-256,Zimperium IOC repo,Moderate,rathat,UNVERIFIED,Listed in apks.csv — not downloaded or executed by ETW,rathat,https://github.com/Zimperium/IOC/tree/master/2026-09-RatHat
894b9abe117dc91bfcfd0979aacfb9fa923090a349c768143f50d022f2d1de67,hash,SHA-256,Zimperium IOC repo,Moderate,rathat,UNVERIFIED,Listed in apks.csv — not downloaded or executed by ETW,rathat,https://github.com/Zimperium/IOC/tree/master/2026-09-RatHat
8bcc8c7c3800b5bb72f47eeac20b726fb3cbad183b002c8d91766d89c4fa6786,hash,SHA-256,Zimperium IOC repo,Moderate,rathat,UNVERIFIED,Listed in apks.csv — not downloaded or executed by ETW,rathat,https://github.com/Zimperium/IOC/tree/master/2026-09-RatHat
8c711f60d3280acfb79310710cc034c749817aea62d83d618918d5859cc76c62,hash,SHA-256,Zimperium IOC repo,Moderate,rathat,UNVERIFIED,Listed in apks.csv — not downloaded or executed by ETW,rathat,https://github.com/Zimperium/IOC/tree/master/2026-09-RatHat
8e59b98c910284b28dccd93cfbbab48a3c86553e9cf87a1b5ccab9015eb958e3,hash,SHA-256,Zimperium IOC repo,Moderate,rathat,UNVERIFIED,Listed in apks.csv — not downloaded or executed by ETW,rathat,https://github.com/Zimperium/IOC/tree/master/2026-09-RatHat
915896f39f622edab4c148d6a7582aa26e51d0167c199a31a035909dd8225e26,hash,SHA-256,Zimperium IOC repo,Moderate,rathat,UNVERIFIED,Listed in apks.csv — not downloaded or executed by ETW,rathat,https://github.com/Zimperium/IOC/tree/master/2026-09-RatHat
95d8de7bf3da244e0d87211bd8a3cff9be42d06b5e832ceef0261bd503c53808,hash,SHA-256,Zimperium IOC repo,Moderate,rathat,UNVERIFIED,Listed in apks.csv — not downloaded or executed by ETW,rathat,https://github.com/Zimperium/IOC/tree/master/2026-09-RatHat
95fa3105164ae50d8e2be73b22eba58f6d17b8d20503e2833c0df3ff90ac6ba5,hash,SHA-256,Zimperium IOC repo,Moderate,rathat,UNVERIFIED,Listed in apks.csv — not downloaded or executed by ETW,rathat,https://github.com/Zimperium/IOC/tree/master/2026-09-RatHat
96d0195d167469930fd06ac41414359b684a11b71b0143b11ac9d5bf2cd207d4,hash,SHA-256,Zimperium IOC repo,Moderate,rathat,UNVERIFIED,Listed in apks.csv — not downloaded or executed by ETW,rathat,https://github.com/Zimperium/IOC/tree/master/2026-09-RatHat
987a4e99e192706f8811f47e070726539465923b7553f82092d10d863f9b0543,hash,SHA-256,Zimperium IOC repo,Moderate,rathat,UNVERIFIED,Listed in apks.csv — not downloaded or executed by ETW,rathat,https://github.com/Zimperium/IOC/tree/master/2026-09-RatHat
9962e8d2015d0991bf38478d3e95718f992647eb92e7f47d1bf2aa7655bdaad8,hash,SHA-256,Zimperium IOC repo,Moderate,rathat,UNVERIFIED,Listed in apks.csv — not downloaded or executed by ETW,rathat,https://github.com/Zimperium/IOC/tree/master/2026-09-RatHat
99f1a7fef06b6760f74ff7260a232f9a888d3089fc5745002c61beb75b6d5fbf,hash,SHA-256,Zimperium IOC repo,Moderate,rathat,UNVERIFIED,Listed in apks.csv — not downloaded or executed by ETW,rathat,https://github.com/Zimperium/IOC/tree/master/2026-09-RatHat
9c8cee581ffbd014425956726f7a5be90a105d4f2baf5ba2ef21d9131791f3c5,hash,SHA-256,Zimperium IOC repo,Moderate,rathat,UNVERIFIED,Listed in apks.csv — not downloaded or executed by ETW,rathat,https://github.com/Zimperium/IOC/tree/master/2026-09-RatHat
9cfa00d5d95697c363df11f155eb88e1a31d182a16c33d0bf1376988eaa95e80,hash,SHA-256,Zimperium IOC repo,Moderate,rathat,UNVERIFIED,Listed in apks.csv — not downloaded or executed by ETW,rathat,https://github.com/Zimperium/IOC/tree/master/2026-09-RatHat
9e7fefec277860ee17f5b8620c594a6da5e4df7427f847b74e64a6cb4b5fa181,hash,SHA-256,Zimperium IOC repo,Moderate,rathat,UNVERIFIED,Listed in apks.csv — not downloaded or executed by ETW,rathat,https://github.com/Zimperium/IOC/tree/master/2026-09-RatHat
9ee47197f5212942b20edf49d0b409a60c942b083b127ad0a74f0b99331498f4,hash,SHA-256,Zimperium IOC repo,Moderate,rathat,UNVERIFIED,Listed in apks.csv — not downloaded or executed by ETW,rathat,https://github.com/Zimperium/IOC/tree/master/2026-09-RatHat
9fc5b0e626dd2831c096720ad63667fb285c69907c47be5ec2f02ed948c9603c,hash,SHA-256,Zimperium IOC repo,Moderate,rathat,UNVERIFIED,Listed in apks.csv — not downloaded or executed by ETW,rathat,https://github.com/Zimperium/IOC/tree/master/2026-09-RatHat
a0101f4b7c3bb359a1179121cf4e9291a0890c2868c46e67015055754bd4bdff,hash,SHA-256,Zimperium IOC repo,Moderate,rathat,UNVERIFIED,Listed in apks.csv — not downloaded or executed by ETW,rathat,https://github.com/Zimperium/IOC/tree/master/2026-09-RatHat
a01aab703d0090cd1349be8d488debf04680a81801c54b57564c46ce6380245d,hash,SHA-256,Zimperium IOC repo,Moderate,rathat,UNVERIFIED,Listed in apks.csv — not downloaded or executed by ETW,rathat,https://github.com/Zimperium/IOC/tree/master/2026-09-RatHat
a22ec5be409f932dd102b5ee8b6f8c9ca1365766c79746c1bf0da2f55cb8e301,hash,SHA-256,Zimperium IOC repo,Moderate,rathat,UNVERIFIED,Listed in apks.csv — not downloaded or executed by ETW,rathat,https://github.com/Zimperium/IOC/tree/master/2026-09-RatHat
a2833b462fd44a80515e79dc6269ec4fa7a7eeb591eb0018292542dcf66d54aa,hash,SHA-256,Zimperium IOC repo,Moderate,rathat,UNVERIFIED,Listed in apks.csv — not downloaded or executed by ETW,rathat,https://github.com/Zimperium/IOC/tree/master/2026-09-RatHat
a590650b5f6d869c9fd9ef7ee99a8ea8a930fce6dc8e69b39d7b95e3e3c89d07,hash,SHA-256,Zimperium IOC repo,Moderate,rathat,UNVERIFIED,Listed in apks.csv — not downloaded or executed by ETW,rathat,https://github.com/Zimperium/IOC/tree/master/2026-09-RatHat
a6450042ae53c529e645fb6d2c5a7758efebba790651baee680ff9302b0b9763,hash,SHA-256,Zimperium IOC repo,Moderate,rathat,UNVERIFIED,Listed in apks.csv — not downloaded or executed by ETW,rathat,https://github.com/Zimperium/IOC/tree/master/2026-09-RatHat
a913e461ba1288720d392811f6a4f78ac61ecbdd01495a5a705fcf00f56f8f0a,hash,SHA-256,Zimperium IOC repo,Moderate,rathat,UNVERIFIED,Listed in apks.csv — not downloaded or executed by ETW,rathat,https://github.com/Zimperium/IOC/tree/master/2026-09-RatHat
a9a06dbd18b2ec42dac5c5568bc7d8f9a756205880291359aafc56c2b2a853fd,hash,SHA-256,Zimperium IOC repo,Moderate,rathat,UNVERIFIED,Listed in apks.csv — not downloaded or executed by ETW,rathat,https://github.com/Zimperium/IOC/tree/master/2026-09-RatHat
aa6d6757310164eea7a98fbfb1eab276ab13a04c9a0eb8b596d9a33d4f0b29df,hash,SHA-256,Zimperium IOC repo,Moderate,rathat,UNVERIFIED,Listed in apks.csv — not downloaded or executed by ETW,rathat,https://github.com/Zimperium/IOC/tree/master/2026-09-RatHat
aa959ffadef3104226a146ae8ebcc019fce465a86409c45a2b91a2f0d387d052,hash,SHA-256,Zimperium IOC repo,Moderate,rathat,UNVERIFIED,Listed in apks.csv — not downloaded or executed by ETW,rathat,https://github.com/Zimperium/IOC/tree/master/2026-09-RatHat
abbb536066e56da1bfaf8a9222fa41c0bb4dff713d4fa95f2230735d49631996,hash,SHA-256,Zimperium IOC repo,Moderate,rathat,UNVERIFIED,Listed in apks.csv — not downloaded or executed by ETW,rathat,https://github.com/Zimperium/IOC/tree/master/2026-09-RatHat
ac0f7375e5c251238097ed666551e342dbd0c1a7426503cefba19c743217fc69,hash,SHA-256,Zimperium IOC repo,Moderate,rathat,UNVERIFIED,Listed in apks.csv — not downloaded or executed by ETW,rathat,https://github.com/Zimperium/IOC/tree/master/2026-09-RatHat
aea19cad16cda97a60debb8c49cc97746f1ee924ea0c798754bf844b463a5a38,hash,SHA-256,Zimperium IOC repo,Moderate,rathat,UNVERIFIED,Listed in apks.csv — not downloaded or executed by ETW,rathat,https://github.com/Zimperium/IOC/tree/master/2026-09-RatHat
aed198d28893a4250ab00a6794a406894fe5c7efca66ba8eb1c52d931f299991,hash,SHA-256,Zimperium IOC repo,Moderate,rathat,UNVERIFIED,Listed in apks.csv — not downloaded or executed by ETW,rathat,https://github.com/Zimperium/IOC/tree/master/2026-09-RatHat
af05a23cc85dd0a06ce1f36286fcd0a4b5f6a199fcac881941c33654a8b6bc40,hash,SHA-256,Zimperium IOC repo,Moderate,rathat,UNVERIFIED,Listed in apks.csv — not downloaded or executed by ETW,rathat,https://github.com/Zimperium/IOC/tree/master/2026-09-RatHat
b08336a5fca9afbbf83245ad952fda0420ad401198e49137408ed27214bdcd79,hash,SHA-256,Zimperium IOC repo,Moderate,rathat,UNVERIFIED,Listed in apks.csv — not downloaded or executed by ETW,rathat,https://github.com/Zimperium/IOC/tree/master/2026-09-RatHat
b287a407314bdeb262fc30dd34c3218c3df620fd73bdf179974655cf81ef381b,hash,SHA-256,Zimperium IOC repo,Moderate,rathat,UNVERIFIED,Listed in apks.csv — not downloaded or executed by ETW,rathat,https://github.com/Zimperium/IOC/tree/master/2026-09-RatHat
b57c43b99066141c29975b4bd464b9ded590d56244ad5bb2c4e3176f4598b3c2,hash,SHA-256,Zimperium IOC repo,Moderate,rathat,UNVERIFIED,Listed in apks.csv — not downloaded or executed by ETW,rathat,https://github.com/Zimperium/IOC/tree/master/2026-09-RatHat
b61eae6340e03c3a767a85adcfac7c517ef3ad55e026f83caa4828e72845633f,hash,SHA-256,Zimperium IOC repo,Moderate,rathat,UNVERIFIED,Listed in apks.csv — not downloaded or executed by ETW,rathat,https://github.com/Zimperium/IOC/tree/master/2026-09-RatHat
b849b47154cbbeb7e12fb0ac51492122eae6e260c245583ade7450e2118b8626,hash,SHA-256,Zimperium IOC repo,Moderate,rathat,UNVERIFIED,Listed in apks.csv — not downloaded or executed by ETW,rathat,https://github.com/Zimperium/IOC/tree/master/2026-09-RatHat
b8cb0d07ddd46a03629a694d1b2eb2d2d7e2c580075fc0d7029fcf0ebb24bee0,hash,SHA-256,Zimperium IOC repo,Moderate,rathat,UNVERIFIED,Listed in apks.csv — not downloaded or executed by ETW,rathat,https://github.com/Zimperium/IOC/tree/master/2026-09-RatHat
b9237fccc4c5ca7152351a37f9a7b89de579e70627db53e66cc9bf01cbf93aa3,hash,SHA-256,Zimperium IOC repo,Moderate,rathat,UNVERIFIED,Listed in apks.csv — not downloaded or executed by ETW,rathat,https://github.com/Zimperium/IOC/tree/master/2026-09-RatHat
ba86e46372221138a9d89ca8f215295af538bc035fb202626145231d74ddefb5,hash,SHA-256,Zimperium IOC repo,Moderate,rathat,UNVERIFIED,Listed in apks.csv — not downloaded or executed by ETW,rathat,https://github.com/Zimperium/IOC/tree/master/2026-09-RatHat
bbeca16709eb1d70134ca4538c113580338994ce3526146f9d140c6e4ca10f3c,hash,SHA-256,Zimperium IOC repo,Moderate,rathat,UNVERIFIED,Listed in apks.csv — not downloaded or executed by ETW,rathat,https://github.com/Zimperium/IOC/tree/master/2026-09-RatHat
bc339cc34047b8dc01ba3b54600db40ccbece29ce0111cbe982c3cefd7e41c45,hash,SHA-256,Zimperium IOC repo,Moderate,rathat,UNVERIFIED,Listed in apks.csv — not downloaded or executed by ETW,rathat,https://github.com/Zimperium/IOC/tree/master/2026-09-RatHat
bc5bcd39817c803611d5722c17277588e2253a07848855eb052e03caf88b0ccc,hash,SHA-256,Zimperium IOC repo,Moderate,rathat,UNVERIFIED,Listed in apks.csv — not downloaded or executed by ETW,rathat,https://github.com/Zimperium/IOC/tree/master/2026-09-RatHat
bdfccc6ab3e592f6cfc47f6deb910950666fa47b5f87c6a08af7096d90e59d0f,hash,SHA-256,Zimperium IOC repo,Moderate,rathat,UNVERIFIED,Listed in apks.csv — not downloaded or executed by ETW,rathat,https://github.com/Zimperium/IOC/tree/master/2026-09-RatHat
be593b243091fff5e69f478d7f4b527f700ebfa64aca919a2d86ef3912dcab90,hash,SHA-256,Zimperium IOC repo,Moderate,rathat,UNVERIFIED,Listed in apks.csv — not downloaded or executed by ETW,rathat,https://github.com/Zimperium/IOC/tree/master/2026-09-RatHat
c03b866d245587d47d94b5cdbe736f9cb49c6a27abf65cec055e341e993b4d4e,hash,SHA-256,Zimperium IOC repo,Moderate,rathat,UNVERIFIED,Listed in apks.csv — not downloaded or executed by ETW,rathat,https://github.com/Zimperium/IOC/tree/master/2026-09-RatHat
c1e47722e5b9d3ab00ecaad367d2ec8362f82b119ab4f933cd0c3f6cde12d887,hash,SHA-256,Zimperium IOC repo,Moderate,rathat,UNVERIFIED,Listed in apks.csv — not downloaded or executed by ETW,rathat,https://github.com/Zimperium/IOC/tree/master/2026-09-RatHat
c282d913f6c1a2e6aee38eb43cd36e2e6b87f07ab3c930df6da972762b2ef7d6,hash,SHA-256,Zimperium IOC repo,Moderate,rathat,UNVERIFIED,Listed in apks.csv — not downloaded or executed by ETW,rathat,https://github.com/Zimperium/IOC/tree/master/2026-09-RatHat
c3c2f31fe64ca1471c91c41932596f7d7068bb8f00d5c66980123788e5b7098b,hash,SHA-256,Zimperium IOC repo,Moderate,rathat,UNVERIFIED,Listed in apks.csv — not downloaded or executed by ETW,rathat,https://github.com/Zimperium/IOC/tree/master/2026-09-RatHat
c4d1070ec3d637e0189adcb88918a40c84bb57ea52d24822c69d87107af6ec3f,hash,SHA-256,Zimperium IOC repo,Moderate,rathat,UNVERIFIED,Listed in apks.csv — not downloaded or executed by ETW,rathat,https://github.com/Zimperium/IOC/tree/master/2026-09-RatHat
c5fa60b0c1201ca5483bd8a7fbcd598612b0394c4092846a9531814e0e07cc0e,hash,SHA-256,Zimperium IOC repo,Moderate,rathat,UNVERIFIED,Listed in apks.csv — not downloaded or executed by ETW,rathat,https://github.com/Zimperium/IOC/tree/master/2026-09-RatHat
c6841f6bc1736efd614f17b6e87ed4e4375887e871762cfdb82bae063571a41f,hash,SHA-256,Zimperium IOC repo,Moderate,rathat,UNVERIFIED,Listed in apks.csv — not downloaded or executed by ETW,rathat,https://github.com/Zimperium/IOC/tree/master/2026-09-RatHat
c6da9c18dc0920d3a36e0599ae208a5d8e928aa5e4bbdd63f0b3a1134c3e16c9,hash,SHA-256,Zimperium IOC repo,Moderate,rathat,UNVERIFIED,Listed in apks.csv — not downloaded or executed by ETW,rathat,https://github.com/Zimperium/IOC/tree/master/2026-09-RatHat
c78912bc870a3f32c9fc26f2323e117703dcf2c1c72c4e5e1499b3b8929d92cd,hash,SHA-256,Zimperium IOC repo,Moderate,rathat,UNVERIFIED,Listed in apks.csv — not downloaded or executed by ETW,rathat,https://github.com/Zimperium/IOC/tree/master/2026-09-RatHat
caa312ad990dd2c7fb081b969f4978ad56fd2bec747ba82ee3a1a7e5ff5f19fd,hash,SHA-256,Zimperium IOC repo,Moderate,rathat,UNVERIFIED,Listed in apks.csv — not downloaded or executed by ETW,rathat,https://github.com/Zimperium/IOC/tree/master/2026-09-RatHat
cf27657ef7f63ad62e5c27223f83f5ac33eb297b575be0a85998a423b0d6b159,hash,SHA-256,Zimperium IOC repo,Moderate,rathat,UNVERIFIED,Listed in apks.csv — not downloaded or executed by ETW,rathat,https://github.com/Zimperium/IOC/tree/master/2026-09-RatHat
cf6fab86b34eea3eabfdbe8a8072f712cedbacf9b1faa123eef2c92b1d280afa,hash,SHA-256,Zimperium IOC repo,Moderate,rathat,UNVERIFIED,Listed in apks.csv — not downloaded or executed by ETW,rathat,https://github.com/Zimperium/IOC/tree/master/2026-09-RatHat
d06512992695eb11ec8b51c1e0b17bc2913c1d1e351492cf2f04d2ee91665668,hash,SHA-256,Zimperium IOC repo,Moderate,rathat,UNVERIFIED,Listed in apks.csv — not downloaded or executed by ETW,rathat,https://github.com/Zimperium/IOC/tree/master/2026-09-RatHat
d2886a25ed2238e2b209c30e7e5b9c8163231ecb87268b36a8a2b92717c2f780,hash,SHA-256,Zimperium IOC repo,Moderate,rathat,UNVERIFIED,Listed in apks.csv — not downloaded or executed by ETW,rathat,https://github.com/Zimperium/IOC/tree/master/2026-09-RatHat
d29be2212f966a0a16444a1d13410848a962583b77fd13183bffc1a527877a08,hash,SHA-256,Zimperium IOC repo,Moderate,rathat,UNVERIFIED,Listed in apks.csv — not downloaded or executed by ETW,rathat,https://github.com/Zimperium/IOC/tree/master/2026-09-RatHat
d46f9f68c3f704b95726b6c81d35f4190c0efe88325fd46a400f8d39fede9b2f,hash,SHA-256,Zimperium IOC repo,Moderate,rathat,UNVERIFIED,Listed in apks.csv — not downloaded or executed by ETW,rathat,https://github.com/Zimperium/IOC/tree/master/2026-09-RatHat
d541d85099f6bf3d23277cddc81426bc19d3b1da550fe22b6a344d013fcc01f4,hash,SHA-256,Zimperium IOC repo,Moderate,rathat,UNVERIFIED,Listed in apks.csv — not downloaded or executed by ETW,rathat,https://github.com/Zimperium/IOC/tree/master/2026-09-RatHat
d687bcf5a6ebc15852a7462c1fc43a295d507a5399de5b0b144e3fd95051ea75,hash,SHA-256,Zimperium IOC repo,Moderate,rathat,UNVERIFIED,Listed in apks.csv — not downloaded or executed by ETW,rathat,https://github.com/Zimperium/IOC/tree/master/2026-09-RatHat
d75087ef4ce18ca55f8e4c29b2537492421c84e5175b7ce221b7cf8bd4ff9b2d,hash,SHA-256,Zimperium IOC repo,Moderate,rathat,UNVERIFIED,Listed in apks.csv — not downloaded or executed by ETW,rathat,https://github.com/Zimperium/IOC/tree/master/2026-09-RatHat
d994911d4dc2b4c2f4ab77b5a3bf3543ba0cb4ff140c186a92d0339ccca5e54a,hash,SHA-256,Zimperium IOC repo,Moderate,rathat,UNVERIFIED,Listed in apks.csv — not downloaded or executed by ETW,rathat,https://github.com/Zimperium/IOC/tree/master/2026-09-RatHat
d9d6d198cc97c0528d2a9302a2fa140561a5da7aed7fccfd329997a88c039a1e,hash,SHA-256,Zimperium IOC repo,Moderate,rathat,UNVERIFIED,Listed in apks.csv — not downloaded or executed by ETW,rathat,https://github.com/Zimperium/IOC/tree/master/2026-09-RatHat
daa80d392dcb017c9b24c2130d487c14dd5b1e05d7a52fd5f2187bd5f9b0b7fb,hash,SHA-256,Zimperium IOC repo,Moderate,rathat,UNVERIFIED,Listed in apks.csv — not downloaded or executed by ETW,rathat,https://github.com/Zimperium/IOC/tree/master/2026-09-RatHat
ddf330b868efe8fd3265ca56a6cd9b11f7f746f51bd8b937859347b7d65a871d,hash,SHA-256,Zimperium IOC repo,Moderate,rathat,UNVERIFIED,Listed in apks.csv — not downloaded or executed by ETW,rathat,https://github.com/Zimperium/IOC/tree/master/2026-09-RatHat
e326bdb498fcbbea23ebef099cdac30a5470e41b7b9767e40eb8755c9a113896,hash,SHA-256,Zimperium IOC repo,Moderate,rathat,UNVERIFIED,Listed in apks.csv — not downloaded or executed by ETW,rathat,https://github.com/Zimperium/IOC/tree/master/2026-09-RatHat
e34b75228b433916bfc00840dc2ecead896eb47c31c2832aadfd101f8904660a,hash,SHA-256,Zimperium IOC repo,Moderate,rathat,UNVERIFIED,Listed in apks.csv — not downloaded or executed by ETW,rathat,https://github.com/Zimperium/IOC/tree/master/2026-09-RatHat
e5e543a29643e5794a5c456a38d29b4e1b99ac37f9b6e7aad101d243b8e556a9,hash,SHA-256,Zimperium IOC repo,Moderate,rathat,UNVERIFIED,Listed in apks.csv — not downloaded or executed by ETW,rathat,https://github.com/Zimperium/IOC/tree/master/2026-09-RatHat
e60c47a170a33779b0240994b4200901c4bb92246b0b171abf825e7de2e49ad8,hash,SHA-256,Zimperium IOC repo,Moderate,rathat,UNVERIFIED,Listed in apks.csv — not downloaded or executed by ETW,rathat,https://github.com/Zimperium/IOC/tree/master/2026-09-RatHat
e6df48dc76eb8965b09f706a2e2ebbe976a95a8408065005bfa01d3b87e5509a,hash,SHA-256,Zimperium IOC repo,Moderate,rathat,UNVERIFIED,Listed in apks.csv — not downloaded or executed by ETW,rathat,https://github.com/Zimperium/IOC/tree/master/2026-09-RatHat
e77aa477cb379c00ae69b9dff3150ccbb1e32a6df0db77320ac4e053415834b4,hash,SHA-256,Zimperium IOC repo,Moderate,rathat,UNVERIFIED,Listed in apks.csv — not downloaded or executed by ETW,rathat,https://github.com/Zimperium/IOC/tree/master/2026-09-RatHat
e844eb880effcd8da1ea333e07696365213065091db7212a73b4154ed92f748b,hash,SHA-256,Zimperium IOC repo,Moderate,rathat,UNVERIFIED,Listed in apks.csv — not downloaded or executed by ETW,rathat,https://github.com/Zimperium/IOC/tree/master/2026-09-RatHat
f179f0a98187678897112bdd507c7eaef56cf25a420707989e29dd88e428789e,hash,SHA-256,Zimperium IOC repo,Moderate,rathat,UNVERIFIED,Listed in apks.csv — not downloaded or executed by ETW,rathat,https://github.com/Zimperium/IOC/tree/master/2026-09-RatHat
f3950e88769559af6e1431fdf558f2549a86d54e54ff99b14c06c2420002d5c5,hash,SHA-256,Zimperium IOC repo,Moderate,rathat,UNVERIFIED,Listed in apks.csv — not downloaded or executed by ETW,rathat,https://github.com/Zimperium/IOC/tree/master/2026-09-RatHat
f50466bfdd6ed14f60b086f7904117b7cda94bef45a3042f5259c03e1aa10937,hash,SHA-256,Zimperium IOC repo,Moderate,rathat,UNVERIFIED,Listed in apks.csv — not downloaded or executed by ETW,rathat,https://github.com/Zimperium/IOC/tree/master/2026-09-RatHat
f5337c2e554e5eafb031db852d74c6f08604773bb3ef27d8683b02d1471ae389,hash,SHA-256,Zimperium IOC repo,Moderate,rathat,UNVERIFIED,Listed in apks.csv — not downloaded or executed by ETW,rathat,https://github.com/Zimperium/IOC/tree/master/2026-09-RatHat
f563708671c455d5c49ec0d67ddc485e30b444815b73c7f60194a5268df2d3cc,hash,SHA-256,Zimperium IOC repo,Moderate,rathat,UNVERIFIED,Listed in apks.csv — not downloaded or executed by ETW,rathat,https://github.com/Zimperium/IOC/tree/master/2026-09-RatHat
f5740106d9184228d651aa9c011d6471a7002182e696ef351b0a2d2b0f11726d,hash,SHA-256,Zimperium IOC repo,Moderate,rathat,UNVERIFIED,Listed in apks.csv — not downloaded or executed by ETW,rathat,https://github.com/Zimperium/IOC/tree/master/2026-09-RatHat
fad2f572ff327bbb08f330e9a5c2636d622ca96495c73f88689b855190a62457,hash,SHA-256,Zimperium IOC repo,Moderate,rathat,UNVERIFIED,Listed in apks.csv — not downloaded or executed by ETW,rathat,https://github.com/Zimperium/IOC/tree/master/2026-09-RatHat
fb37ae2000d1630b360f16c5402f5325c0753c165b24486ae4c79ad9019a31af,hash,SHA-256,Zimperium IOC repo,Moderate,rathat,UNVERIFIED,Listed in apks.csv — not downloaded or executed by ETW,rathat,https://github.com/Zimperium/IOC/tree/master/2026-09-RatHat
fd4e0923ac2d4efdb7a2070f0c9687c0fc0d4bb831fb0470e20c81764909392c,hash,SHA-256,Zimperium IOC repo,Moderate,rathat,UNVERIFIED,Listed in apks.csv — not downloaded or executed by ETW,rathat,https://github.com/Zimperium/IOC/tree/master/2026-09-RatHat
