evidence_id,family,indicator,type,first_seen,provenance,confidence,independently_verified,source_url,retrieval_date_utc,notes,status_label
SYN-IND-0001,SynkLoader,https://filereserve.blob.core.windows.net/vgnghuyk/331/331.msi,url,2026-07/2026-08,PRIMARY-SOURCE,High,false,https://expel.com/blog/synkloader-when-you-throw-in-everything-but-the-kitchen-sink/,2026-09-19T19:05:00Z,Initial Teams-delivered MSI URL | NOT OBSERVED by ETW until passive row exists.,CAMPAIGN_ASSOCIATED
SYN-IND-0002,SynkLoader,151d2a7f52f047638ca8ad80c859c6bfe04d7510fb10933817fa0e3ba5d07a11,sha256,2026-07/2026-08,PRIMARY-SOURCE,High,false,https://expel.com/blog/synkloader-when-you-throw-in-everything-but-the-kitchen-sink/,2026-09-19T19:05:00Z,331.msi | NOT OBSERVED by ETW until passive row exists.,CAMPAIGN_ASSOCIATED
SYN-IND-0003,SynkLoader,80f08360ba768b152b71abb1cab557f552a13de18c83fe8e6396a197feec9185,sha256,2026-07/2026-08,PRIMARY-SOURCE,High,false,https://expel.com/blog/synkloader-when-you-throw-in-everything-but-the-kitchen-sink/,2026-09-19T19:05:00Z,cleaner.ps1 | NOT OBSERVED by ETW until passive row exists.,CAMPAIGN_ASSOCIATED
SYN-IND-0004,SynkLoader,209f69a6ca859f05c954096b30391a43fda33c9ed264dfdccf806697f04b06a8,sha256,2026-07/2026-08,PRIMARY-SOURCE,High,false,https://expel.com/blog/synkloader-when-you-throw-in-everything-but-the-kitchen-sink/,2026-09-19T19:05:00Z,archive6.zip | NOT OBSERVED by ETW until passive row exists.,CAMPAIGN_ASSOCIATED
SYN-IND-0005,SynkLoader,d150c70d2732df17aa77991b9ebf4c896f044445e900978581d9598dfa5dc98c,sha256,2026-07/2026-08,PRIMARY-SOURCE,High,false,https://expel.com/blog/synkloader-when-you-throw-in-everything-but-the-kitchen-sink/,2026-09-19T19:05:00Z,ss.py main loader | NOT OBSERVED by ETW until passive row exists.,CAMPAIGN_ASSOCIATED
SYN-IND-0006,SynkLoader,61f961cfebdf9967844526649b4b75bba5b1b83210b70aa1bffe3f64e6ac3112,sha256,2026-07/2026-08,PRIMARY-SOURCE,High,false,https://expel.com/blog/synkloader-when-you-throw-in-everything-but-the-kitchen-sink/,2026-09-19T19:05:00Z,msvcp150.dll PowerShell executor | NOT OBSERVED by ETW until passive row exists.,CAMPAIGN_ASSOCIATED
SYN-IND-0007,SynkLoader,8207d8d949530ea063ffd5d47ee81b74bf718ec0a4755e2349e6af9b91e92dc1,sha256,2026-07/2026-08,PRIMARY-SOURCE,High,false,https://expel.com/blog/synkloader-when-you-throw-in-everything-but-the-kitchen-sink/,2026-09-19T19:05:00Z,msvcp160.dll DLL loader | NOT OBSERVED by ETW until passive row exists.,CAMPAIGN_ASSOCIATED
SYN-IND-0008,SynkLoader,c4acda412774c292f0db5d64467a2dd09282cdea43c41967e8bf90f6298accf3,sha256,2026-07/2026-08,PRIMARY-SOURCE,High,false,https://expel.com/blog/synkloader-when-you-throw-in-everything-but-the-kitchen-sink/,2026-09-19T19:05:00Z,Profiling module loader | NOT OBSERVED by ETW until passive row exists.,CAMPAIGN_ASSOCIATED
SYN-IND-0009,SynkLoader,63622c1ddb3e2a9f11cac192e13ac7494f558516b19d5d8f140f6d0d4d38ea84,sha256,2026-07/2026-08,PRIMARY-SOURCE,High,false,https://expel.com/blog/synkloader-when-you-throw-in-everything-but-the-kitchen-sink/,2026-09-19T19:05:00Z,Persistence module loader | NOT OBSERVED by ETW until passive row exists.,CAMPAIGN_ASSOCIATED
SYN-IND-0010,SynkLoader,a335e75b78b601ebc5c258975d95fd79aa21f836fc6b79d82e9a22c596133f07,sha256,2026-07/2026-08,PRIMARY-SOURCE,High,false,https://expel.com/blog/synkloader-when-you-throw-in-everything-but-the-kitchen-sink/,2026-09-19T19:05:00Z,Fake lock screen loader | NOT OBSERVED by ETW until passive row exists.,CAMPAIGN_ASSOCIATED
SYN-IND-0011,SynkLoader,0428fbdefa8dda10ce8fc12b1b516641e83cd5088388168e3f1a0be1432b4077,sha256,2026-07/2026-08,PRIMARY-SOURCE,High,false,https://expel.com/blog/synkloader-when-you-throw-in-everything-but-the-kitchen-sink/,2026-09-19T19:05:00Z,Persistence module DLL | NOT OBSERVED by ETW until passive row exists.,CAMPAIGN_ASSOCIATED
SYN-IND-0012,SynkLoader,cb1c657f74b9e57f5e81126179128e8db949d1d4196be9dcb890341e222fd384,sha256,2026-07/2026-08,PRIMARY-SOURCE,High,false,https://expel.com/blog/synkloader-when-you-throw-in-everything-but-the-kitchen-sink/,2026-09-19T19:05:00Z,Fake lock screen DLL (article typo SAH256) | NOT OBSERVED by ETW until passive row exists.,CAMPAIGN_ASSOCIATED
SYN-IND-0013,SynkLoader,neversoftmain.net,domain,2026-07/2026-08,PRIMARY-SOURCE,High,false,https://expel.com/blog/synkloader-when-you-throw-in-everything-but-the-kitchen-sink/,2026-09-19T19:05:00Z,Loader C2 | NOT OBSERVED by ETW until passive row exists.,CAMPAIGN_ASSOCIATED
SYN-IND-0014,SynkLoader,rootfarmapp.net,domain,2026-07/2026-08,PRIMARY-SOURCE,High,false,https://expel.com/blog/synkloader-when-you-throw-in-everything-but-the-kitchen-sink/,2026-09-19T19:05:00Z,Loader C2 | NOT OBSERVED by ETW until passive row exists.,CAMPAIGN_ASSOCIATED
SYN-IND-0015,SynkLoader,tripinupdate.net,domain,2026-07/2026-08,PRIMARY-SOURCE,High,false,https://expel.com/blog/synkloader-when-you-throw-in-everything-but-the-kitchen-sink/,2026-09-19T19:05:00Z,Loader C2 | NOT OBSERVED by ETW until passive row exists.,CAMPAIGN_ASSOCIATED
SYN-IND-0016,SynkLoader,dondermicapp.net,domain,2026-07/2026-08,PRIMARY-SOURCE,High,false,https://expel.com/blog/synkloader-when-you-throw-in-everything-but-the-kitchen-sink/,2026-09-19T19:05:00Z,TrafficRedirector C2 | NOT OBSERVED by ETW until passive row exists.,CAMPAIGN_ASSOCIATED
SYN-IND-0017,SynkLoader,aroclenetapp.net,domain,2026-07/2026-08,PRIMARY-SOURCE,High,false,https://expel.com/blog/synkloader-when-you-throw-in-everything-but-the-kitchen-sink/,2026-09-19T19:05:00Z,VNC StreamMaster C2 | NOT OBSERVED by ETW until passive row exists.,CAMPAIGN_ASSOCIATED
SYN-IND-0018,SynkLoader,PowershellCleaner,filename,2026-07/2026-08,PRIMARY-SOURCE,High,false,https://expel.com/blog/synkloader-when-you-throw-in-everything-but-the-kitchen-sink/,2026-09-19T19:05:00Z,MSI product/folder name | NOT OBSERVED by ETW until passive row exists.,CAMPAIGN_ASSOCIATED
SYN-IND-0019,SynkLoader,ss.py,filename,2026-07/2026-08,PRIMARY-SOURCE,High,false,https://expel.com/blog/synkloader-when-you-throw-in-everything-but-the-kitchen-sink/,2026-09-19T19:05:00Z,Main Python loader | NOT OBSERVED by ETW until passive row exists.,CAMPAIGN_ASSOCIATED
SYN-IND-0020,SynkLoader,msvcp150.dll,filename,2026-07/2026-08,PRIMARY-SOURCE,High,false,https://expel.com/blog/synkloader-when-you-throw-in-everything-but-the-kitchen-sink/,2026-09-19T19:05:00Z,Fake VC++ DLL hosting RunPowerShell | NOT OBSERVED by ETW until passive row exists.,CAMPAIGN_ASSOCIATED
SYN-IND-0021,SynkLoader,msvcp160.dll,filename,2026-07/2026-08,PRIMARY-SOURCE,High,false,https://expel.com/blog/synkloader-when-you-throw-in-everything-but-the-kitchen-sink/,2026-09-19T19:05:00Z,In-memory DLL mapper | NOT OBSERVED by ETW until passive row exists.,CAMPAIGN_ASSOCIATED
SYN-IND-0022,SynkLoader,C:\Windows\Web\Screen,path,2026-07/2026-08,PRIMARY-SOURCE,High,false,https://expel.com/blog/synkloader-when-you-throw-in-everything-but-the-kitchen-sink/,2026-09-19T19:05:00Z,PhishLocker wallpaper source | NOT OBSERVED by ETW until passive row exists.,CAMPAIGN_ASSOCIATED
SYN-IND-0023,SynkLoader,mlswgtppayebtezk,crypto_constant,2026-07/2026-08,PRIMARY-SOURCE,High,false,https://expel.com/blog/synkloader-when-you-throw-in-everything-but-the-kitchen-sink/,2026-09-19T19:05:00Z,Modified ChaCha20 SIGMA_128 | NOT OBSERVED by ETW until passive row exists.,CAMPAIGN_ASSOCIATED
SYN-IND-0024,SynkLoader,lwifnrfiosmfrubf,crypto_constant,2026-07/2026-08,PRIMARY-SOURCE,High,false,https://expel.com/blog/synkloader-when-you-throw-in-everything-but-the-kitchen-sink/,2026-09-19T19:05:00Z,Modified ChaCha20 SIGMA_256 | NOT OBSERVED by ETW until passive row exists.,CAMPAIGN_ASSOCIATED
SYN-IND-0025,SynkLoader,C:\Users\genry\source\repos\pwshnewdll\x64\Release\pwshnewdll.pdb,pdb_path,2026-07/2026-08,PRIMARY-SOURCE,High,false,https://expel.com/blog/synkloader-when-you-throw-in-everything-but-the-kitchen-sink/,2026-09-19T19:05:00Z,Developer PDB left in msvcp150.dll | NOT OBSERVED by ETW until passive row exists.,CAMPAIGN_ASSOCIATED
SYN-IND-0026,SynkLoader,149.248.76.220,ipv4,2026-09-19,OBSERVED_PASSIVE,High,false,https://expel.com/blog/synkloader-when-you-throw-in-everything-but-the-kitchen-sink/,2026-09-19T19:00:09Z,OBSERVED_PASSIVE A for neversoftmain.net (Expel PRIMARY C2). CDN demotion N/A (non-CDN). author_attribution=NOT_ESTABLISHED. Raw DNS: evidence/passive-observations/dns/synkloader/dns_resolve_neversoftmain.net_2026-09-19T190009Z.json. Resolving != active C2 proof.,CAMPAIGN_ASSOCIATED
SYN-IND-0027,SynkLoader,162.33.177.8,ipv4,2026-09-19,OBSERVED_PASSIVE,High,false,https://expel.com/blog/synkloader-when-you-throw-in-everything-but-the-kitchen-sink/,2026-09-19T19:00:09Z,OBSERVED_PASSIVE A for rootfarmapp.net (Expel PRIMARY C2). CDN demotion N/A (non-CDN). author_attribution=NOT_ESTABLISHED. Raw DNS: evidence/passive-observations/dns/synkloader/dns_resolve_rootfarmapp.net_2026-09-19T190009Z.json. Resolving != active C2 proof.,CAMPAIGN_ASSOCIATED
SYN-IND-0028,SynkLoader,216.245.184.14,ipv4,2026-09-19,OBSERVED_PASSIVE,High,false,https://expel.com/blog/synkloader-when-you-throw-in-everything-but-the-kitchen-sink/,2026-09-19T19:00:09Z,OBSERVED_PASSIVE A for tripinupdate.net (Expel PRIMARY C2). CDN demotion N/A (non-CDN). author_attribution=NOT_ESTABLISHED. Raw DNS: evidence/passive-observations/dns/synkloader/dns_resolve_tripinupdate.net_2026-09-19T190009Z.json. Resolving != active C2 proof.,CAMPAIGN_ASSOCIATED
SYN-IND-0029,SynkLoader,64.94.85.67,ipv4,2026-09-19,OBSERVED_PASSIVE,High,false,https://expel.com/blog/synkloader-when-you-throw-in-everything-but-the-kitchen-sink/,2026-09-19T19:00:09Z,OBSERVED_PASSIVE A for aroclenetapp.net (Expel PRIMARY domain). CDN demotion N/A (non-CDN). author_attribution=NOT_ESTABLISHED. Raw DNS: evidence/passive-observations/dns/synkloader/dns_resolve_aroclenetapp.net_2026-09-19T190009Z.json. Resolving != active C2 proof.,CAMPAIGN_ASSOCIATED
